tag,train_entity,auroc,auprc,f1_unsup_tau,f1_best
LSTM_AD,C-1,0.4655870704602775,0.1324094975533388,0.04361019100983436,0.24290464461349465
LSTM_AD,C-2,0.5836288889397372,0.11034797541728195,0.059189401204501044,0.17759005724541704
LSTM_AD,D-14,0.7551268496961381,0.5052349259530498,0.3805930211653997,0.617419101861847
LSTM_AD,D-15,0.2897661140460121,0.21662154873766343,0.01946581548265477,0.4580698421178254
LSTM_AD,D-16,0.5495831587767072,0.3723556984601616,0.00030441400304414006,0.4776238992180556
LSTM_AD,F-4,0.22989059393664282,0.015537257759756872,0.02193108934409792,0.05227847989638429
LSTM_AD,F-5,0.31968824472578283,0.028063553898232212,0.024461682192418926,0.07453234716353341
LSTM_AD,F-7,0.31559084043038155,0.05889939635795054,0.011875047988918341,0.1597782183343255
LSTM_AD,F-8,0.49027111684094926,0.2290560190498379,0.032830949800909046,0.3564894427912471
LSTM_AD,M-1,0.4948639690906173,0.4616191640750301,0.028750192246383748,0.6690671657357891
LSTM_AD,M-2,0.23863657404549996,0.35606091922595695,0.0,0.6676418958455237
LSTM_AD,M-3,0.6828483507335265,0.23130531943415522,0.12206347861834924,0.33831424602612925
LSTM_AD,M-4,0.7773394391098171,0.340941124226312,0.040360857638901744,0.4392696818523472
LSTM_AD,M-5,0.4784225741036372,0.13478746471797745,0.06382580923532175,0.24622509126895514
LSTM_AD,M-6,0.993155441456576,0.8956391440309451,0.4121387586147073,0.9243710005269895
LSTM_AD,M-7,0.2694649610946496,0.031100700744536896,0.01282446927505403,0.08949933540097474
LSTM_AD,P-10,0.7147404081392539,0.10776287188635478,0.1284824151168178,0.2909090909090909
LSTM_AD,P-11,0.8462859219412305,0.4820776499312517,0.2900581993292493,0.49923806746241406
LSTM_AD,P-14,0.7505641538299268,0.2637262084954042,0.05763505243292631,0.4962962962962963
LSTM_AD,P-15,0.6225951121189216,0.014890018898174987,0.017467417225107935,0.05363691397994262
LSTM_AD,S-2,0.4675710853023628,0.03081027042321887,0.02688003793266951,0.08747605918273776
LSTM_AD,T-12,0.6544620582771692,0.08172160776317167,0.10802396824666341,0.19391380184940715
LSTM_AD,T-13,0.35182925940501697,0.07662314481601928,0.09996781911928096,0.19518136161640012
LSTM_AD,T-4,0.5791535098372601,0.04479797343627786,0.019948092841296724,0.1015283462804597
LSTM_AD,T-5,0.34797866367209435,0.04770161394103958,0.07105964152589253,0.1336173458235295
LSTM_AD,T-8,0.4565749235474006,0.06277777970601425,0.024331310347859122,0.12695888065090127
LSTM_AD,T-9,0.789551575203252,0.4564142297833924,0.39276099599681447,0.5453704423404349
"M-TTA-u (fused, λ=2)",C-1,0.6482446504571249,0.21316891054889725,0.208366262135657,
"M-TTA-u (fused, λ=2)",C-2,0.7434592590897651,0.18412087613950584,0.25522561950577727,
"M-TTA-u (fused, λ=2)",D-14,0.5097893773923736,0.24420659061853311,0.17351175307317926,
"M-TTA-u (fused, λ=2)",D-15,0.7216940714543545,0.4699124728552538,0.4187223456758747,
"M-TTA-u (fused, λ=2)",D-16,0.535810491351966,0.399758664133775,0.4073028545624718,
"M-TTA-u (fused, λ=2)",F-4,0.4967068901021768,0.023376710995897006,0.05286402684703201,
"M-TTA-u (fused, λ=2)",F-5,0.9189973675013743,0.636036173179455,0.3346089094150117,
"M-TTA-u (fused, λ=2)",F-7,0.4561981568349386,0.0710050484840294,0.036859871480442306,
"M-TTA-u (fused, λ=2)",F-8,0.5536799885403237,0.24317647292438474,0.1608736891886809,
"M-TTA-u (fused, λ=2)",M-1,0.31591527693769983,0.3894033526203664,0.24252801239550972,
"M-TTA-u (fused, λ=2)",M-2,0.7947419949142709,0.7676278607885945,0.4814091205123023,
"M-TTA-u (fused, λ=2)",M-3,0.4476178441882789,0.10696469946384786,0.12574155728996955,
"M-TTA-u (fused, λ=2)",M-4,0.4001152636237367,0.10667514437194284,0.11472257753942719,
"M-TTA-u (fused, λ=2)",M-5,0.5382955914517377,0.14256286839568383,0.14472856582450105,
"M-TTA-u (fused, λ=2)",M-6,0.7525012717829805,0.6390935818426813,0.1756957117963079,
"M-TTA-u (fused, λ=2)",M-7,0.9191062609910625,0.7100019406006726,0.15046818970121706,
"M-TTA-u (fused, λ=2)",P-10,0.956662092567323,0.5661921069481719,0.3883485802393162,
"M-TTA-u (fused, λ=2)",P-11,0.7417717070117084,0.1281981818060708,0.06405177879663179,
"M-TTA-u (fused, λ=2)",P-14,0.9219448745915159,0.5604812004424173,0.45175298951835263,
"M-TTA-u (fused, λ=2)",P-15,0.7473183841437809,0.65315972883006,0.09066217019993564,
"M-TTA-u (fused, λ=2)",S-2,0.7159441329595515,0.29047449635099504,0.014968031697111268,
"M-TTA-u (fused, λ=2)",T-12,0.7939639713804051,0.2151922927821673,0.2564061404949619,
"M-TTA-u (fused, λ=2)",T-13,0.7088316425437637,0.2302682302785221,0.15770494024996606,
"M-TTA-u (fused, λ=2)",T-4,0.42577726499878554,0.02773029894030979,0.043790055632349716,
"M-TTA-u (fused, λ=2)",T-5,0.629210240033689,0.23799389101439136,0.0584921162749204,
"M-TTA-u (fused, λ=2)",T-8,0.6037129671911108,0.11875811830421903,0.14408211217892963,
"M-TTA-u (fused, λ=2)",T-9,0.7092561338559815,0.3591491830136179,0.3331116454831765,
M2N2,C-1,0.5841291968789407,0.168606383823809,0.05061203430405488,0.3064550321891665
M2N2,C-2,0.6805764669092129,0.1103406658024982,0.07812988155969272,0.220705771307821
M2N2,D-14,0.7091428507158845,0.12618076523967722,0.090793087528553,0.2836109643899751
M2N2,D-15,0.6509049287482376,0.3613476776457756,0.04203415464991977,0.5927194188671119
M2N2,D-16,0.47622079917010796,0.3031148044392814,0.0954547516109288,0.4626364347126796
M2N2,F-4,0.7153979682331529,0.047868016627397814,0.05347043368331074,0.08303972520960902
M2N2,F-5,0.7223985416765452,0.07346130868524822,0.019567299075978324,0.2013354244100789
M2N2,F-7,0.5706357811704758,0.09139540965388149,0.001561228797022777,0.2000910859349653
M2N2,F-8,0.5853702907892852,0.25038131666308167,0.08356292487736304,0.43778491099080635
M2N2,M-1,0.41103283813309305,0.4711555827500618,0.03522586362972082,0.6691557593544685
M2N2,M-2,0.626854069200479,0.6007570757757947,0.04549852599874013,0.722980962114054
M2N2,M-3,0.38731045965392163,0.10042759993503195,0.01766358895223498,0.2127567285788384
M2N2,M-4,0.34451940419630933,0.09931000508597769,0.02420941062681749,0.21969435403302717
M2N2,M-5,0.49055744919532296,0.14306168401223188,0.03184441866281577,0.2316873405357303
M2N2,M-6,0.9692006696085274,0.9528313794208051,0.8226324518026141,0.9566705288336796
M2N2,M-7,0.8126380959263809,0.2602304152449322,0.30981381889481496,0.42286753172382524
M2N2,P-10,0.8701554724857055,0.24878426967706493,0.13586886843822019,0.31474503000254367
M2N2,P-11,0.689103390468915,0.1021144737392625,0.0393050772606707,0.20268777393486842
M2N2,P-14,0.7997860621147928,0.35189992380795937,0.07319624377760894,0.42088460465581995
M2N2,P-15,0.7758763752414546,0.23910933403224136,0.2233586861268424,0.42761606840348404
M2N2,S-2,0.7012865438526232,0.018550415225554798,0.035552931470028575,0.07103048744409889
M2N2,T-12,0.5690952399700776,0.07898293881627486,0.07548728848008686,0.17519348186622405
M2N2,T-13,0.6146071100616555,0.17937215317428473,0.10559509281389741,0.27981699224354994
M2N2,T-4,0.4422185787925404,0.030271264519248265,0.020272759858464866,0.0660063322447185
M2N2,T-5,0.6555604295339696,0.01696940017417143,0.0,0.04108478848699612
M2N2,T-8,0.5406949229938977,0.07731325139139247,0.11123634664661046,0.14070256597187733
M2N2,T-9,0.6506342552264808,0.25546772757827724,0.30587262974355234,0.39601491300699654
M2N2_offline,C-1,0.5420301170397226,0.15916652486421506,0.0511521344162479,0.2600401886625797
M2N2_offline,C-2,0.5937185852992548,0.10101590475076667,0.07812012534031262,0.21590284307154076
M2N2_offline,D-14,0.6900709698462508,0.13277303214676706,0.09334696549229414,0.33783702823176825
M2N2_offline,D-15,0.6301225733933774,0.3531085896199198,0.043003854320449786,0.5543419353415704
M2N2_offline,D-16,0.4841971392662637,0.3031849173984146,0.09563949490814525,0.46708696608579736
M2N2_offline,F-4,0.744012088046032,0.052264133356509826,0.051388332306649784,0.09005787113459995
M2N2_offline,F-5,0.6304330188033107,0.06448201595633513,0.022447991237472643,0.18964046122741496
M2N2_offline,F-7,0.5822861454286127,0.09375395235438246,0.0015573317538636867,0.2037615507420988
M2N2_offline,F-8,0.48973871938117747,0.22559304846543743,0.08441085810615617,0.3562097218960186
M2N2_offline,M-1,0.4030647844119934,0.4679212809570137,0.03568950234356237,0.6677789421714644
M2N2_offline,M-2,0.6872958996309143,0.6150322686358513,0.050551039777009185,0.763168018825348
M2N2_offline,M-3,0.3947131516577613,0.10148372321911456,0.017652815412049674,0.21164751647274455
M2N2_offline,M-4,0.36331317148863973,0.10137202121502727,0.024154254520543976,0.21952139219731076
M2N2_offline,M-5,0.4878749157818925,0.14269796705117,0.031820102586314895,0.23186173470353716
M2N2_offline,M-6,0.9826002342446791,0.8700168286708342,0.8176000166259099,0.9199829229325907
M2N2_offline,M-7,0.7506174267061743,0.25978303803397773,0.331211839376676,0.4356042623377479
M2N2_offline,P-10,0.7689593433758899,0.0699372227200445,0.135805138789141,0.14426842673684268
M2N2_offline,P-11,0.7314066652873491,0.11329392561388282,0.04131873244368107,0.2266962391293384
M2N2_offline,P-14,0.7385487693437838,0.1231657574049602,0.05763505243292631,0.18789776787826912
M2N2_offline,P-15,0.652612748803225,0.058683238335117016,0.026755619470904702,0.20735171242954378
M2N2_offline,S-2,0.696520824989988,0.01984199825483483,0.03287962610076034,0.07743970175401906
M2N2_offline,T-12,0.5597428674715182,0.07514000898244064,0.07611829175740298,0.17479023224066423
M2N2_offline,T-13,0.6312185709912983,0.1771654848630605,0.10563248949705766,0.27708874214803314
M2N2_offline,T-4,0.4486256173589183,0.03014937187448425,0.020254410492921367,0.06476815864845586
M2N2_offline,T-5,0.6541233857383493,0.016869626776449848,0.0,0.04063834270992305
M2N2_offline,T-8,0.5124929082430432,0.07552903055596935,0.11000310305862242,0.13343597682583208
M2N2_offline,T-9,0.7019345238095238,0.26504853363145153,0.29461022139067533,0.43957233702233356
MTAD_GAT,C-1,0.5738493035941741,0.1761110403306379,0.0914120546386625,0.294536052426085
MTAD_GAT,C-2,0.5965483385509299,0.16770351938120376,0.23937400652143123,0.3320530595897361
MTAD_GAT,D-14,0.90565107008876,0.8706125245438889,0.8272153009752197,0.9051415032437612
MTAD_GAT,D-15,0.6319794626647451,0.38503863359296925,0.02867879080811983,0.5569230678114975
MTAD_GAT,D-16,0.5051267814473459,0.32455614275337946,0.1436558155995177,0.4837726443361373
MTAD_GAT,F-4,0.7993908699815008,0.06085547592885473,0.08378269387437068,0.12175219367880144
MTAD_GAT,F-5,0.751295188167145,0.15093604978195524,0.0977044396174658,0.30613818835681245
MTAD_GAT,F-7,0.6422859492239696,0.1144868238237728,0.0037811540090443253,0.23975529796827563
MTAD_GAT,F-8,0.5173389702551714,0.2342892954671218,0.008366909251922284,0.37091068776263497
MTAD_GAT,M-1,0.3762541071809257,0.4822143930874686,0.06050971571807732,0.6878297737736633
MTAD_GAT,M-2,0.7003708729387959,0.6584594295663628,0.10961254102007682,0.7863934125471332
MTAD_GAT,M-3,0.34661534044004166,0.0971882431114148,0.022685714812391088,0.22181216554667227
MTAD_GAT,M-4,0.3036914582334562,0.10259385623818637,0.03351255811788377,0.23109926460363955
MTAD_GAT,M-5,0.4328680074480089,0.1424375680344765,0.04075139548181781,0.24055974262504937
MTAD_GAT,M-6,0.9863298730031749,0.8851210187210026,0.26874345912430114,0.9243243243243244
MTAD_GAT,M-7,0.766761034159682,0.5322342900149973,0.5164340601900379,0.6074807633130319
MTAD_GAT,P-10,0.7678228471760667,0.1112217009116994,0.12749444836547294,0.28959513194807307
MTAD_GAT,P-11,0.7344978637738718,0.15865604085406285,0.033848690793496755,0.2846953206777994
MTAD_GAT,P-14,0.7661340873249092,0.26546381951825476,0.058578895737781855,0.4962962962962963
MTAD_GAT,P-15,0.40753808653260204,0.008834041261085277,0.018316389007602494,0.030827718129087994
MTAD_GAT,S-2,0.6869887688069506,0.28971489850117,0.02754526349625841,0.42857142857142855
MTAD_GAT,T-12,0.7084358129215942,0.13554843732311878,0.07192378129336605,0.26700784056214644
MTAD_GAT,T-13,0.48836507172647686,0.11359833781808273,0.0,0.23152291170094705
MTAD_GAT,T-4,0.45575605751811593,0.0440526476074758,0.05631476920052771,0.07966734903117056
MTAD_GAT,T-5,0.7021767907045154,0.18959123897141925,0.11777484370592087,0.2782098227259518
MTAD_GAT,T-8,0.5246006223294177,0.10728179099198545,0.11285417628716927,0.1457165940345146
MTAD_GAT,T-9,0.5209205316742082,0.28359229026543004,0.3288812245333984,0.34314742952497734
OmniAnomaly,C-1,0.5401979232345523,0.16323464373460028,0.11668704123818381,0.2518761768615052
OmniAnomaly,C-2,0.5933730712613169,0.18749800994107677,0.2301575320524149,0.342903994943354
OmniAnomaly,D-14,0.9352442329970418,0.8866699617418481,0.5851797678812891,0.911764705882353
OmniAnomaly,D-15,0.7614504158281031,0.4456736598035119,0.04568908622297191,0.6778539626273745
OmniAnomaly,D-16,0.43161589562511227,0.31778774348833616,0.21628307033585464,0.4696339134040087
OmniAnomaly,F-4,0.7630053673278104,0.06333215554846214,0.06878244578234398,0.13161166334076269
OmniAnomaly,F-5,0.6598367464494637,0.5598266171249376,0.4840328811959164,0.6926406926406927
OmniAnomaly,F-7,0.6064914572520577,0.10787866479456024,0.0,0.23011843792972067
OmniAnomaly,F-8,0.5345625746072673,0.23445064084111303,0.0,0.3680953608528061
OmniAnomaly,M-1,0.35217701917023614,0.4446311473335426,0.019240193401808166,0.6678374556812442
OmniAnomaly,M-2,0.4111605985606893,0.46531311274015896,0.03268468192765604,0.6857756781048141
OmniAnomaly,M-3,0.5190349476295245,0.13662554420061426,0.10116518525814362,0.22397616404708104
OmniAnomaly,M-4,0.5922461246229409,0.1775726835602944,0.17075188694769033,0.2870145475768579
OmniAnomaly,M-5,0.4053076491614697,0.11621207092463037,0.04544555209464636,0.2314350116750933
OmniAnomaly,M-6,0.9911815159653129,0.8834671954949306,0.28411041186494995,0.9243243243243244
OmniAnomaly,M-7,0.7432213148322131,0.5307946166187959,0.49217232826379115,0.6357615894039734
OmniAnomaly,P-10,0.7688180280047421,0.11190540951811541,0.13533840799774297,0.2909090909090909
OmniAnomaly,P-11,0.7964885755362098,0.24648019775990077,0.14416502726375144,0.3471121379201281
OmniAnomaly,P-14,0.7560835552518858,0.2642439380291178,0.05764331210191083,0.4962962962962963
OmniAnomaly,P-15,0.655763836398757,0.017681004175116997,0.01835481990832387,0.06601011499901219
OmniAnomaly,S-2,0.7025580696836203,0.3024681431831252,0.1214732845969471,0.43277310924369744
OmniAnomaly,T-12,0.694815114410374,0.09444138347445749,0.08787939638527162,0.1827515034904353
OmniAnomaly,T-13,0.41060715378897195,0.09720720426311948,0.08529727099753585,0.195786283242336
OmniAnomaly,T-4,0.4650325209834561,0.08762741713360737,0.06475032462154995,0.1095890410958904
OmniAnomaly,T-5,0.6435148792813027,0.21343513795591953,0.16138379166419456,0.32258064516129037
OmniAnomaly,T-8,0.5237722611980572,0.10083473058158163,0.11564527638676236,0.13686578434620367
OmniAnomaly,T-9,0.5357514880952381,0.27468362695689597,0.29763846096447766,0.32901914646603336
THOC,C-1,0.5796565488387978,0.18451266533184668,0.03726868904820784,0.28901072130351585
THOC,C-2,0.7276506570868514,0.2436205437431501,0.2251966349273078,0.38028512418533345
THOC,D-14,0.7295807042998055,0.22907809062384335,0.2596215281050137,0.42677177064563426
THOC,D-15,0.6356845506516372,0.359724028504838,0.07107653249137756,0.5808735396354168
THOC,D-16,0.5436433957747322,0.39351307826950144,0.08909159692218831,0.4660168240014489
THOC,F-4,0.7667419017236814,0.05051663265201818,0.028015558277157203,0.11494467862011695
THOC,F-5,0.6525681350002899,0.3970633406295857,0.29753152818574463,0.6055478301026452
THOC,F-7,0.591014378892784,0.10040287374851176,0.010261484579794769,0.21751647950093952
THOC,F-8,0.5365000238743256,0.2242591933141727,0.04241164108123595,0.3810501459184426
THOC,M-1,0.2596140493266347,0.3867122884838329,0.0397021532125312,0.6676418958455237
THOC,M-2,0.8164656265815754,0.7701473525492746,0.35770515772714734,0.7550932988982569
THOC,M-3,0.4875880274212319,0.12992425112975559,0.025488990936683144,0.22142482556946302
THOC,M-4,0.5944531889230988,0.1959431661275751,0.024074163568835943,0.398371417889179
THOC,M-5,0.4747212919970395,0.14260498149395776,0.06372963542534635,0.23221963092115985
THOC,M-6,0.979014693529878,0.8120671234453412,0.651230535229442,0.8628571428571428
THOC,M-7,0.712741201127412,0.49641729120526845,0.527463414123795,0.6085095352462622
THOC,P-10,0.7514163508918215,0.22491526731559444,0.12228863915137662,0.3039437384595666
THOC,P-11,0.7609778433837845,0.20447860298244508,0.03702658609260953,0.3182111611252957
THOC,P-14,0.6896843576122964,0.16687184603581878,0.057647916902722154,0.31529070948362237
THOC,P-15,0.13160325858738559,0.005176930148459341,0.0,0.016496129845786127
THOC,S-2,0.7806117340808971,0.019769113225334027,0.02227553545676802,0.04259776246282464
THOC,T-12,0.5459717454874744,0.0651979601811981,0.0921321204604731,0.1550914776143868
THOC,T-13,0.5818210969726121,0.15972560916725137,0.1725377466501569,0.26709332454381973
THOC,T-4,0.41715515612770887,0.03014412767021128,0.003937007874015748,0.06349494641264178
THOC,T-5,0.3306885176866929,0.010414548437127167,0.0,0.02329160005985745
THOC,T-8,0.5415839871587307,0.09139508842862576,0.11271525590150526,0.1524710191577697
THOC,T-9,0.7262068089430894,0.3055353940933446,0.298282515948309,0.43555802335732574
TranAD,C-1,0.5222227695460278,0.15264538947967216,0.03623956389544554,0.24662562029167123
TranAD,C-2,0.6182550396997918,0.15841737364842545,0.22426907095826537,0.26055782581052883
TranAD,D-14,0.9203814301192578,0.8782071652684046,0.8536233739633762,0.9118077474892397
TranAD,D-15,0.5181920553025153,0.31877766060338447,0.037924710996874986,0.4583861298167446
TranAD,D-16,0.48335797075428416,0.3015953343509927,0.09358358560393336,0.4588902452151918
TranAD,F-4,0.7464935840047746,0.05906354848698413,0.08935227279954984,0.12161428582081861
TranAD,F-5,0.720084261030064,0.5644846080230279,0.5618242428129405,0.681686914661743
TranAD,F-7,0.5805395134954947,0.10229520652981927,0.0012766685835546424,0.21000177931163747
TranAD,F-8,0.5139911187508953,0.2184865738876718,0.0,0.35627480979234194
TranAD,M-1,0.40366647739195916,0.4590835678223179,0.022154676026714747,0.6677396014460583
TranAD,M-2,0.7544444581600029,0.7378057092767567,0.16141658780292875,0.7561100417583491
TranAD,M-3,0.5423790976817676,0.13807790058469566,0.09123553701106588,0.22858198539956728
TranAD,M-4,0.5780093949885963,0.17202878692168452,0.14422287161563221,0.2559709748090706
TranAD,M-5,0.4755762509915334,0.12394584006763405,0.00834305300922213,0.23254626978320894
TranAD,M-6,0.9920081749026938,0.8929770017300234,0.2886673940740382,0.9214515810926305
TranAD,M-7,0.7281525378815255,0.48465852055360487,0.47046569092826085,0.5642710712596665
TranAD,P-10,0.7647074771817239,0.11039426608520983,0.12549619633447323,0.2814356232003291
TranAD,P-11,0.7825699340580056,0.2397308082391286,0.15253260866199017,0.3244069019129592
TranAD,P-14,0.7484845599758806,0.25377793059761755,0.0576359701739246,0.48888888888888904
TranAD,P-15,0.5445737801293357,0.012896928026297962,0.017062671113601963,0.045150430427432206
TranAD,S-2,0.6515118141770124,0.2897075720139951,0.11246192721733297,0.42857142857142855
TranAD,T-12,0.5561668498043946,0.06413481368493423,0.027161919406560726,0.1212726249454871
TranAD,T-13,0.4770422478755812,0.10203481807949515,0.036122747655712176,0.19198094150835926
TranAD,T-4,0.5011071977977491,0.07252800203717968,0.070858541504053,0.09692336093617923
TranAD,T-5,0.6353733857383492,0.21785508742490917,0.16313039491863757,0.32258064516129037
TranAD,T-8,0.5015456570772275,0.0706370302999544,0.043992770718937445,0.13311128113085993
TranAD,T-9,0.6336863022648084,0.20587940004295943,0.1270599231793539,0.280001075919375
USAD,C-1,0.5448268048549811,0.1666847148869411,0.11767224049101248,0.25198412698412703
USAD,C-2,0.588449114858629,0.18885641120965935,0.22473535792390806,0.34184493142165095
USAD,D-14,0.9189213558127417,0.8789579473149457,0.7129008376464794,0.9120724202089596
USAD,D-15,0.7639292901973165,0.4615352193500438,0.052660132100478874,0.7099678352251695
USAD,D-16,0.42840360484369705,0.31467331331369897,0.1896924271144935,0.458128078817734
USAD,F-4,0.7727510392104942,0.06178857159801604,0.07240936657012295,0.13354921647596907
USAD,F-5,0.663341446838104,0.5600710243435121,0.4921797953002972,0.6926406926406927
USAD,F-7,0.538907649293256,0.09900395842309201,0.0,0.2243580479313479
USAD,F-8,0.502639258940935,0.21367227710431153,0.00037174721189591083,0.3730183712207139
USAD,M-1,0.3042697519472664,0.4335603300262888,0.02807367818518116,0.6676418958455237
USAD,M-2,0.7125157771784079,0.6551377334450208,0.12524037696728635,0.7859458651849118
USAD,M-3,0.49218817692980743,0.13594253581202148,0.08863925184144686,0.23146026622282875
USAD,M-4,0.5838092509648034,0.17731866380960098,0.17421565108704964,0.2953359375038939
USAD,M-5,0.4196538511322564,0.13114607918918436,0.048170166127677515,0.23324958408738503
USAD,M-6,0.9909744815266128,0.8853860530934726,0.2839971983403796,0.9214515810926305
USAD,M-7,0.7636542121365422,0.5344787990293088,0.49704672058193394,0.6358217940999398
USAD,P-10,0.7691087156415014,0.10719511010444857,0.12979293483899673,0.28181818181818186
USAD,P-11,0.7915870243343466,0.26263928724536184,0.1721505546881636,0.3535844619346339
USAD,P-14,0.7505747947195053,0.25361472482750824,0.05764331210191083,0.48888888888888904
USAD,P-15,0.6202225581590661,0.0159219851445566,0.016882095289174608,0.06285199606179326
USAD,S-2,0.7699689627553064,0.28905839906545844,0.0478402328985134,0.42857142857142855
USAD,T-12,0.6862077605059612,0.08558152265286215,0.04749071166716818,0.17814559260824758
USAD,T-13,0.4070829142798839,0.09795473241999403,0.05775071835468644,0.2227177818468447
USAD,T-4,0.5307252449194397,0.07754327448278256,0.06777373540818463,0.1046735471187011
USAD,T-5,0.731238594890511,0.2119485501577394,0.18802946390365113,0.32258064516129037
USAD,T-8,0.5248104252286658,0.09862871792637028,0.12051832708477414,0.13438520130061907
USAD,T-9,0.5411775914634147,0.2791891574867336,0.3110678897704159,0.33893332937228854
base_noTTA,C-1,0.6520731531105507,0.20569025248022155,0.2287869937800992,0.3134369507337242
base_noTTA,C-2,0.6157811439336734,0.10927089734023276,0.17406161647734117,0.19613609496832918
base_noTTA,D-14,0.46463420349188145,0.2621345336022182,0.13171451511203036,0.33167209160806943
base_noTTA,D-15,0.6330495672035188,0.3881200530720874,0.3666363051622058,0.5067943079434774
base_noTTA,D-16,0.5258805633690427,0.3526036778895539,0.4218265026378443,0.4637673146332352
base_noTTA,F-4,0.5245077147456508,0.02543198592344185,0.057685088518171855,0.06455329555033323
base_noTTA,F-5,0.8082359976186337,0.398196703648081,0.2590275612929297,0.44557339808819946
base_noTTA,F-7,0.3320827928550171,0.057931000354424764,0.027889386182892273,0.15456865344260975
base_noTTA,F-8,0.558507377166595,0.23232410489190286,0.20435571884227682,0.39136270319388716
base_noTTA,M-1,0.37682174334349655,0.41802840446743794,0.30652419235803396,0.6679944138503727
base_noTTA,M-2,0.7244944359407982,0.7210204290485043,0.5694221661234937,0.7031585050495767
base_noTTA,M-3,0.43302886534883916,0.10575910139491669,0.1368884789868999,0.21226491487930016
base_noTTA,M-4,0.4106671244512715,0.10603090914878743,0.1390406413794884,0.219862720372045
base_noTTA,M-5,0.507950355292548,0.135995568709479,0.17773663782098986,0.23837169363870228
base_noTTA,M-6,0.7529298330710897,0.6328358755842994,0.18250431946960588,0.7143672434829511
base_noTTA,M-7,0.8803069066030691,0.5113551715947253,0.15765208693539273,0.6281975780008568
base_noTTA,P-10,0.9634131306917804,0.558785877541425,0.37057233911991994,0.5297164732673054
base_noTTA,P-11,0.7206938763600867,0.12207799497873126,0.08633051809293235,0.21603763012809943
base_noTTA,P-14,0.8973624595016144,0.4593301797246393,0.409879244361794,0.463264000836201
base_noTTA,P-15,0.7426908541194256,0.6652910979422273,0.07975238593652528,0.7860805860805862
base_noTTA,S-2,0.6929114937925511,0.2842187652439111,0.0143244005593533,0.42857142857142855
base_noTTA,T-12,0.7271188199964923,0.18459975832119174,0.22677227587943566,0.25518099565644486
base_noTTA,T-13,0.6975965462707887,0.21409048733741684,0.1692431871853968,0.2943687084491845
base_noTTA,T-4,0.4532784120044261,0.029421565217420165,0.04611161934501871,0.06185096561806123
base_noTTA,T-5,0.5662338573834924,0.20979436899165377,0.04729726223201824,0.32258064516129037
base_noTTA,T-8,0.5540454149196729,0.10666419000826328,0.13382927705978206,0.1550284200055077
base_noTTA,T-9,0.5750190548780487,0.2808957281977035,0.2387514072386765,0.32317211702163046
fixed,C-1,0.6576294201870534,0.20994933385766687,0.22749736155900777,0.3180316292330641
fixed,C-2,0.6219027679259244,0.09925179913544453,0.16635807499978256,0.18157210855858794
fixed,D-14,0.45709154847731626,0.2467165620916086,0.13547841916490508,0.3301236512515661
fixed,D-15,0.6180698829798941,0.3832584190661252,0.373051422325481,0.49506383254926317
fixed,D-16,0.5202537554611287,0.34461486706925915,0.4144470027648296,0.46327981552435915
fixed,F-4,0.5631999697378541,0.028505233333545515,0.06576340331405164,0.07172942568327631
fixed,F-5,0.8112440531697989,0.42803491587665415,0.25949437618903815,0.480002681056798
fixed,F-7,0.45218240932598847,0.07160560211540816,0.06195700241839869,0.15492955102359035
fixed,F-8,0.5815465788091487,0.24604180708809417,0.20810551839811536,0.3984271789829523
fixed,M-1,0.3649007542185629,0.4112218836710209,0.33446749764810824,0.6679753099459182
fixed,M-2,0.7037645350631396,0.6932271178612062,0.5444120142371013,0.70103046400563
fixed,M-3,0.43671306246230435,0.10671558439352484,0.1509704292220418,0.21239493336842413
fixed,M-4,0.40814314092259946,0.11163988326345878,0.143244730886526,0.21987678761490095
fixed,M-5,0.48302212737428685,0.1296173026255289,0.172022308753695,0.23558633388691005
fixed,M-6,0.7528053166443859,0.6315865391193858,0.18520664750736077,0.7155892347121812
fixed,M-7,0.8869523740695238,0.5446260212823285,0.156564709295545,0.6769749065147745
fixed,P-10,0.9550759074556968,0.5290482201115714,0.3297417088401081,0.5269535776899852
fixed,P-11,0.7104759176441254,0.11879073887789357,0.09414022648920539,0.21143355594480914
fixed,P-14,0.9064812351645932,0.4740191883874367,0.3637966533762644,0.4408765586411218
fixed,P-15,0.7336423952296969,0.6017512179480724,0.07680569600601053,0.6668180757151345
fixed,S-2,0.6783840608730476,0.2860148923846051,0.013785267942654847,0.42857142857142855
fixed,T-12,0.7823310867643322,0.20655061190066948,0.2491775547437046,0.27340318223315163
fixed,T-13,0.7215300552421764,0.22286485116121285,0.16704341818730423,0.3214006767824632
fixed,T-4,0.45682569562518555,0.029435597621380212,0.05081251385790847,0.0617037054364456
fixed,T-5,0.6160619034250421,0.21099491792002686,0.042238374978440726,0.32258064516129037
fixed,T-8,0.5624475901863921,0.10792831202412165,0.13438796472238698,0.15569386384792
fixed,T-9,0.5620726263066202,0.2743689334737799,0.23466927719298797,0.3112784505283959
gate_gbuf5k,C-1,0.6545735471836907,0.20369923965335865,0.18542003422172654,0.3159676644755378
gate_gbuf5k,C-2,0.5786265626310932,0.10815775566105237,0.164377738160076,0.1955061491806811
gate_gbuf5k,D-14,0.4462544941945691,0.2267181248302137,0.17038341787220043,0.3138068823143125
gate_gbuf5k,D-15,0.6222279583338903,0.3818570813852324,0.2974251067530268,0.4971600716691887
gate_gbuf5k,D-16,0.5169938855307519,0.3510995158964615,0.3498237626672542,0.46219001431208906
gate_gbuf5k,F-4,0.5625741317496143,0.02850611099121835,0.06535701813834588,0.07203193206765846
gate_gbuf5k,F-5,0.8129837150368532,0.4289965146694691,0.2708828236813495,0.48080717062119627
gate_gbuf5k,F-7,0.4519724969919542,0.07165394307733701,0.05885643579094557,0.15464023328097948
gate_gbuf5k,F-8,0.5824363271737573,0.24669011807940952,0.19597400891071043,0.3998650169807305
gate_gbuf5k,M-1,0.3613713724062164,0.4104313300837747,0.20953962417086053,0.6677792800188572
gate_gbuf5k,M-2,0.700147125081779,0.6870823959022285,0.45985456322016305,0.7006974962235437
gate_gbuf5k,M-3,0.4376502518709809,0.10665730778011914,0.13905838465286988,0.21217923511550874
gate_gbuf5k,M-4,0.40921172612292855,0.11123370955629971,0.13277652866555717,0.2199695438265093
gate_gbuf5k,M-5,0.48213704899751414,0.12957262265033098,0.16941626304634796,0.2355859116925075
gate_gbuf5k,M-6,0.7525926626994924,0.6275862113752035,0.2600172500752245,0.7024283977715715
gate_gbuf5k,M-7,0.8705249211052493,0.587087379736625,0.2388479104100723,0.6607343487908092
gate_gbuf5k,P-10,0.9544303328008962,0.5286427184735172,0.30895116127701205,0.5239536768379031
gate_gbuf5k,P-11,0.7111190245041088,0.11894381583218967,0.09885888650777877,0.21147083221443372
gate_gbuf5k,P-14,0.9088830426223632,0.47535472685478136,0.36189154493713016,0.44398360005803356
gate_gbuf5k,P-15,0.7288754514151339,0.6468562234550527,0.10293625117284724,0.7438076618721781
gate_gbuf5k,S-2,0.6766269523428113,0.28558574813453175,0.016976649111174455,0.42857142857142855
gate_gbuf5k,T-12,0.7825368930058091,0.20599726852199973,0.27632360802989675,0.27321980790312206
gate_gbuf5k,T-13,0.7212991203521506,0.22280948352085456,0.1738496573423772,0.3214639256380763
gate_gbuf5k,T-4,0.44804637951043097,0.02910849733946434,0.04977887572300501,0.06150799693736333
gate_gbuf5k,T-5,0.6119876473891073,0.21096174747032975,0.04649911145274733,0.32258064516129037
gate_gbuf5k,T-8,0.56598862551372,0.10666934162255551,0.12075610804445587,0.1539110230981862
gate_gbuf5k,T-9,0.5626370136469222,0.2733004586160658,0.22932696586525067,0.3108730568448844
gate_noTTA,C-1,0.6573299246006725,0.20872703306781895,0.2268955862117258,0.3164096128023449
gate_noTTA,C-2,0.6106884348137809,0.10422920648519529,0.17441419738399536,0.196184700485029
gate_noTTA,D-14,0.4662917599247187,0.265380286294807,0.14036950922994315,0.3419393229175789
gate_noTTA,D-15,0.6209445319144342,0.386280888193329,0.3801339844138532,0.49484184651239865
gate_noTTA,D-16,0.5202537554611287,0.34461486706925915,0.4144470027648296,0.46327981552435915
gate_noTTA,F-4,0.5651892855191429,0.02919684147377567,0.0646312118638905,0.07226082862984787
gate_noTTA,F-5,0.8162651184273149,0.44258390680095455,0.27522137600434526,0.4959309131276878
gate_noTTA,F-7,0.44901059924560205,0.0716561234907616,0.06150794314143091,0.1546678311117458
gate_noTTA,F-8,0.569550064460679,0.24973627517109506,0.22200336619763358,0.38742039378678883
gate_noTTA,M-1,0.3705489069385639,0.41409603487909175,0.3332859837273289,0.6679354128329342
gate_noTTA,M-2,0.7095193862561875,0.708154377198147,0.5613707122973464,0.7025882949318328
gate_noTTA,M-3,0.44482772534595094,0.1089827471412961,0.15501805298463864,0.21205196753119
gate_noTTA,M-4,0.4121051329098826,0.11232460032392752,0.14951952269740684,0.219915314475191
gate_noTTA,M-5,0.4788180258279926,0.12785561929712635,0.17121128126542656,0.23461806532301416
gate_noTTA,M-6,0.7528053166443859,0.6315865391193858,0.18520664750736077,0.7155892347121812
gate_noTTA,M-7,0.8869485196694852,0.5447008458823032,0.15671149343255045,0.6769749065147745
gate_noTTA,P-10,0.9522118733046951,0.5306332118917902,0.31782809777906806,0.5351578923697767
gate_noTTA,P-11,0.7155335041565207,0.11976656076704495,0.08776131093762393,0.21494094904104588
gate_noTTA,P-14,0.9023244743260538,0.46593459753979544,0.3395968751095009,0.4473863102337766
gate_noTTA,P-15,0.7349760644998741,0.6355147159101058,0.08019747050875795,0.7126958606409071
gate_noTTA,S-2,0.6783840608730476,0.2860148923846051,0.013785267942654847,0.42857142857142855
gate_noTTA,T-12,0.7868248213064939,0.2109286238416511,0.22892796468241147,0.262039862017773
gate_noTTA,T-13,0.7096476124885216,0.21678537365704753,0.16808177791428563,0.30733177186755967
gate_noTTA,T-4,0.44972201980946214,0.030322747705218915,0.05133238164557713,0.06169635942046087
gate_noTTA,T-5,0.6031162268388546,0.21139382149520736,0.041028980524244196,0.32258064516129037
gate_noTTA,T-8,0.5624475901863921,0.10792831202412165,0.13438796472238698,0.15569386384792
gate_noTTA,T-9,0.5611933797909409,0.27136597421668884,0.236263965752475,0.308464593506845
mask_noTTA,C-1,0.6573299246006725,0.20872703306781895,0.2268955862117258,0.3164096128023449
mask_noTTA,C-2,0.6106884348137809,0.10422920648519529,0.17441419738399536,0.196184700485029
mask_noTTA,D-14,0.4662917599247187,0.265380286294807,0.14036950922994315,0.3419393229175789
mask_noTTA,D-15,0.6209445319144342,0.386280888193329,0.3801339844138532,0.49484184651239865
mask_noTTA,D-16,0.5202537554611287,0.34461486706925915,0.4144470027648296,0.46327981552435915
mask_noTTA,F-4,0.5651892855191429,0.02919684147377567,0.0646312118638905,0.07226082862984787
mask_noTTA,F-5,0.8162651184273149,0.44258390680095455,0.27522137600434526,0.4959309131276878
mask_noTTA,F-7,0.44901059924560205,0.0716561234907616,0.06150794314143091,0.1546678311117458
mask_noTTA,F-8,0.569550064460679,0.24973627517109506,0.22200336619763358,0.38742039378678883
mask_noTTA,M-1,0.3705489069385639,0.41409603487909175,0.3332859837273289,0.6679354128329342
mask_noTTA,M-2,0.7095193862561875,0.708154377198147,0.5613707122973464,0.7025882949318328
mask_noTTA,M-3,0.44482772534595094,0.1089827471412961,0.15501805298463864,0.21205196753119
mask_noTTA,M-4,0.4121051329098826,0.11232460032392752,0.14951952269740684,0.219915314475191
mask_noTTA,M-5,0.4788180258279926,0.12785561929712635,0.17121128126542656,0.23461806532301416
mask_noTTA,M-6,0.7528053166443859,0.6315865391193858,0.18520664750736077,0.7155892347121812
mask_noTTA,M-7,0.8869485196694852,0.5447008458823032,0.15671149343255045,0.6769749065147745
mask_noTTA,P-10,0.9522118733046951,0.5306332118917902,0.31782809777906806,0.5351578923697767
mask_noTTA,P-11,0.7155335041565207,0.11976656076704495,0.08776131093762393,0.21494094904104588
mask_noTTA,P-14,0.9023244743260538,0.46593459753979544,0.3395968751095009,0.4473863102337766
mask_noTTA,P-15,0.7349760644998741,0.6355147159101058,0.08019747050875795,0.7126958606409071
mask_noTTA,S-2,0.6783840608730476,0.2860148923846051,0.013785267942654847,0.42857142857142855
mask_noTTA,T-12,0.7868248213064939,0.2109286238416511,0.22892796468241147,0.262039862017773
mask_noTTA,T-13,0.7096476124885216,0.21678537365704753,0.16808177791428563,0.30733177186755967
mask_noTTA,T-4,0.44972201980946214,0.030322747705218915,0.05133238164557713,0.06169635942046087
mask_noTTA,T-5,0.6031162268388546,0.21139382149520736,0.041028980524244196,0.32258064516129037
mask_noTTA,T-8,0.5624475901863921,0.10792831202412165,0.13438796472238698,0.15569386384792
mask_noTTA,T-9,0.5611933797909409,0.27136597421668884,0.236263965752475,0.308464593506845
noMask_fixed,C-1,0.6560353943358554,0.20847311314570832,0.23247356949410478,0.3151825715788325
noMask_fixed,C-2,0.629359159172902,0.10370979067568123,0.16542757281644424,0.183278027726454
noMask_fixed,D-14,0.4499863159039189,0.23796928665154202,0.12015997178052848,0.3106762811781538
noMask_fixed,D-15,0.623340004134114,0.3827973966070974,0.37006491045007217,0.49953585563925607
noMask_fixed,D-16,0.5258805633690427,0.3526036778895539,0.4218265026378443,0.4637673146332352
noMask_fixed,F-4,0.5219669554179749,0.025675980693448723,0.06033802070464615,0.06806426764959428
noMask_fixed,F-5,0.7953758291316969,0.36329933779790363,0.24830114780808898,0.4110673443325286
noMask_fixed,F-7,0.32457270945672423,0.0575793840309361,0.030660773955093944,0.15459417598774455
noMask_fixed,F-8,0.576118703146636,0.24205965603450336,0.21493109224577647,0.3989898407935482
noMask_fixed,M-1,0.3726811790991347,0.41560168713467266,0.3142336118552414,0.6678769452127459
noMask_fixed,M-2,0.7205971642739875,0.7095515861222668,0.5608758359942349,0.7050008825800743
noMask_fixed,M-3,0.429105327092483,0.10511654681676989,0.13283480732462954,0.21205849740129484
noMask_fixed,M-4,0.4110926188920869,0.10644239778973838,0.13762774321282498,0.22005480186617019
noMask_fixed,M-5,0.5189440127978334,0.14019360033026138,0.18547019862689343,0.23962032346570528
noMask_fixed,M-6,0.7529298330710897,0.6328358755842994,0.18250431946960588,0.7143672434829511
noMask_fixed,M-7,0.8803449688034497,0.5112310052392633,0.15751466592448013,0.6281975780008568
noMask_fixed,P-10,0.9646793419947081,0.5548694448980716,0.37896791820105513,0.5232616752044302
noMask_fixed,P-11,0.7157246192287492,0.12133269465552414,0.0935500903673005,0.2136368415191187
noMask_fixed,P-14,0.9060045419797096,0.4685575221230905,0.4456432829392704,0.47972448208748125
noMask_fixed,P-15,0.7444461241286638,0.6616649823818495,0.07478720968512353,0.7744426779720898
noMask_fixed,S-2,0.6929114937925511,0.2842187652439111,0.0143244005593533,0.42857142857142855
noMask_fixed,T-12,0.7407950921475076,0.18349532466429824,0.23437607204662517,0.25589743455526676
noMask_fixed,T-13,0.7103468851574912,0.22234471779168716,0.16644642192485265,0.3090915290330938
noMask_fixed,T-4,0.45812147464442826,0.028835085580472493,0.04675334400032134,0.061949816631957956
noMask_fixed,T-5,0.578849663110612,0.208807019487449,0.04648600130715525,0.32258064516129037
noMask_fixed,T-8,0.5540454149196729,0.10666419000826328,0.13382927705978206,0.1550284200055077
noMask_fixed,T-9,0.5723967407084786,0.28506043320315166,0.2385393424232219,0.32776980313724696
u only,C-1,0.6422308480453973,0.21572927606435516,,
u only,C-2,0.8258452890343149,0.36402408234829076,,
u only,D-14,0.5069204035496171,0.17889649553196785,,
u only,D-15,0.7900958661945687,0.6252480029537566,,
u only,D-16,0.5376982464540069,0.4530627112890736,,
u only,F-4,0.4137936541961407,0.016490390099613922,,
u only,F-5,0.9345380658598822,0.5353378963180044,,
u only,F-7,0.4904495503373555,0.07897358551289262,,
u only,F-8,0.5543240223463688,0.26650918369305604,,
u only,M-1,0.31045903488415155,0.3818224126075269,,
u only,M-2,0.8096855673920824,0.8126845307724875,,
u only,M-3,0.4843412066021628,0.10988556555124798,,
u only,M-4,0.41982467444157334,0.10233665533210357,,
u only,M-5,0.5983526440337071,0.16957189946800927,,
u only,M-6,0.7563249021022869,0.6297695505392948,,
u only,M-7,0.9051981402519814,0.5954556946490909,,
u only,P-10,0.9191961265520712,0.38397942500419363,,
u only,P-11,0.7327275608889172,0.1410351010397372,,
u only,P-14,0.899583791871667,0.5361238042405632,,
u only,P-15,0.7032115562274293,0.17380918964748437,,
u only,S-2,0.6697837404885862,0.029991209107982798,,
u only,T-12,0.748902426366106,0.12848312169439932,,
u only,T-13,0.673449684434533,0.22400647730769002,,
u only,T-4,0.41393139556850994,0.02669005979856357,,
u only,T-5,0.5973224312184167,0.056935852286183544,,
u only,T-8,0.6186004677100198,0.10877633469011638,,
u only,T-9,0.7418980473286876,0.2806291892123363,,
