tag,pair,f1_unsup_tau,n_updates,anomaly_leak_rate
shift_fixed,1-1→1-2,0.044726852615943224,0.0,0.0
shift_fixed,1-2→1-3,0.2006700025032842,367.6,0.9068329215049744
shift_fixed,1-3→1-4,0.2530578649953036,363.0,0.4602725446224213
shift_fixed,1-4→1-5,0.010935599911416525,0.0,0.0
shift_fixed,1-5→1-6,0.45144315745710084,280.6,0.0847858652472496
shift_fixed,1-6→1-7,0.22996978444423574,361.0,0.6219200491905212
shift_fixed,1-7→1-8,0.36587645420382103,367.0,0.8798959374427795
shift_fixed,2-1→2-2,0.16122639718547754,0.0,0.0
shift_fixed,2-2→2-3,0.13018748523651652,351.6,0.4514694273471832
shift_fixed,2-3→2-4,0.19427518119224776,166.8,0.11143168359994889
shift_fixed,2-4→2-5,0.2365326149941464,347.6,0.2786472201347351
shift_fixed,2-5→2-6,0.2012428918751709,444.0,0.6726137399673462
shift_fixed,2-6→2-7,0.07817749473195654,323.6,0.5733834028244018
shift_fixed,2-7→2-8,0.8393057600399096,367.0,0.2084615409374237
shift_fixed,2-8→2-9,0.15259767354828135,143.8,0.0
shift_fixed,3-10→3-11,0.017096600257977938,0.0,0.0
shift_fixed,3-1→3-2,0.08915013989008838,16.6,0.0
shift_fixed,3-2→3-3,0.14780933830213916,369.0,1.0
shift_fixed,3-3→3-4,0.11922739660744397,188.6,0.015149802155792712
shift_fixed,3-4→3-5,0.060741409617060094,220.8,0.3081188082695007
shift_fixed,3-5→3-6,0.16879411241700323,431.4,0.4436268091201782
shift_fixed,3-6→3-7,0.13517624490041558,431.6,0.451453173160553
shift_fixed,3-7→3-8,0.10749557455629707,0.0,0.0
shift_fixed,3-8→3-9,0.023247685989811213,0.0,0.0
shift_fixed,3-9→3-10,0.2635464454376061,312.4,0.03333333358168602
shift_gate_gbuf5k,1-1→1-2,0.07809399530769567,211.2,0.00809399476274848
shift_gate_gbuf5k,1-2→1-3,0.3186746701217826,366.0,0.7488279342651367
shift_gate_gbuf5k,1-3→1-4,0.26661090559062617,360.6,0.3091195046901703
shift_gate_gbuf5k,1-4→1-5,0.02462830687587761,280.2,0.008575031533837318
shift_gate_gbuf5k,1-5→1-6,0.45983572619015367,325.0,0.1532195270061493
shift_gate_gbuf5k,1-6→1-7,0.21897710953670177,362.2,0.6029915690422059
shift_gate_gbuf5k,1-7→1-8,0.2683271391534479,366.2,0.8038647413253784
shift_gate_gbuf5k,2-1→2-2,0.16434487703245304,214.8,0.052065272629261014
shift_gate_gbuf5k,2-2→2-3,0.19077587697305773,360.8,0.2919777512550354
shift_gate_gbuf5k,2-3→2-4,0.28502316460496624,357.8,0.3221012532711029
shift_gate_gbuf5k,2-4→2-5,0.28166314908193324,363.6,0.3382625937461853
shift_gate_gbuf5k,2-5→2-6,0.14235087006830058,443.4,0.5099018633365631
shift_gate_gbuf5k,2-6→2-7,0.09132060720556893,353.8,0.23979974687099456
shift_gate_gbuf5k,2-7→2-8,0.31933507079197965,366.2,0.09461538642644882
shift_gate_gbuf5k,2-8→2-9,0.28125049786913137,362.6,0.010783242247998714
shift_gate_gbuf5k,3-10→3-11,0.017096600257977938,0.0,0.0
shift_gate_gbuf5k,3-1→3-2,0.07206787973471782,260.0,0.06868186444044114
shift_gate_gbuf5k,3-2→3-3,0.2152958324802472,368.0,0.9334996819496155
shift_gate_gbuf5k,3-3→3-4,0.1548478864144561,357.2,0.3181458473205566
shift_gate_gbuf5k,3-4→3-5,0.08001830984446831,287.8,0.10112211108207703
shift_gate_gbuf5k,3-5→3-6,0.18383028784809055,439.8,0.4940867185592651
shift_gate_gbuf5k,3-6→3-7,0.17561856373081308,443.8,0.4680301368236542
shift_gate_gbuf5k,3-7→3-8,0.16022171067922542,420.8,0.19959287643432616
shift_gate_gbuf5k,3-8→3-9,0.03527603478025465,151.8,0.0008583691203966736
shift_gate_gbuf5k,3-9→3-10,0.42106635038535545,348.6,0.09897172152996063
shift_noMask_fixed,1-1→1-2,0.044726852615943224,0.0,0.0
shift_noMask_fixed,1-2→1-3,0.18841602654731945,368.0,0.9397506237030029
shift_noMask_fixed,1-3→1-4,0.26451708216322045,363.0,0.4614255726337433
shift_noMask_fixed,1-4→1-5,0.011674660145305767,0.0,0.0
shift_noMask_fixed,1-5→1-6,0.42544373399026797,255.4,0.06112608462572098
shift_noMask_fixed,1-6→1-7,0.22779344654677489,361.0,0.5910796880722046
shift_noMask_fixed,1-7→1-8,0.3609573541532757,367.0,0.880416190624237
shift_noMask_fixed,2-1→2-2,0.18001764196172512,0.0,0.0
shift_noMask_fixed,2-2→2-3,0.12871764546665437,350.6,0.3814138174057007
shift_noMask_fixed,2-3→2-4,0.19298478147775439,159.4,0.08481219410896301
shift_noMask_fixed,2-4→2-5,0.23585268609348628,346.4,0.24907161593437194
shift_noMask_fixed,2-5→2-6,0.19817626867805024,444.2,0.6733273863792419
shift_noMask_fixed,2-6→2-7,0.06418461943014028,301.4,0.47476011514663696
shift_noMask_fixed,2-7→2-8,0.8554556007442924,367.0,0.21461538672447206
shift_noMask_fixed,2-8→2-9,0.15222197117048317,133.4,0.0
shift_noMask_fixed,3-10→3-11,0.016972157103909594,0.0,0.0
shift_noMask_fixed,3-1→3-2,0.09077001608331191,4.4,0.0
shift_noMask_fixed,3-2→3-3,0.1473343018893755,369.0,1.0
shift_noMask_fixed,3-3→3-4,0.1101466469839905,147.4,0.00893159992992878
shift_noMask_fixed,3-4→3-5,0.05629354371730146,199.4,0.2685148477554321
shift_noMask_fixed,3-5→3-6,0.18663286071067725,439.2,0.4791064441204071
shift_noMask_fixed,3-6→3-7,0.13455007215666878,423.0,0.35931108593940736
shift_noMask_fixed,3-7→3-8,0.10311855657339622,0.0,0.0
shift_noMask_fixed,3-8→3-9,0.02354936660975545,0.0,0.0
shift_noMask_fixed,3-9→3-10,0.22747543153808988,295.0,0.021165381371974944
