ds,tag,auroc,auroc_u_only,auroc_fused_2.0,auprc_fused_2.0,f1_unsup_tau_fused_2.0,anomaly_leak_rate,ms_per_window
MSL,ref_V8_pm0.15,0.604,0.589,0.604,0.352,0.17,0.571,0.137
MSL,sens_V16,0.606,0.597,0.606,0.355,0.172,0.539,0.209
MSL,sens_V2,0.602,0.564,0.605,0.348,0.168,0.653,0.067
MSL,sens_V4,0.6,0.589,0.607,0.35,0.169,0.611,0.084
MSL,sens_pm0.05,0.597,0.589,0.602,0.351,0.169,0.568,0.129
MSL,sens_pm0.3,0.605,0.597,0.608,0.325,0.171,0.58,0.129
MSL,sens_pm0.5,0.591,0.586,0.598,0.291,0.16,0.573,0.132
SMD,ref_V8_pm0.15,0.792,0.834,0.846,0.39,0.272,0.488,0.158
SMD,sens_V16,0.791,0.839,0.849,0.396,0.27,0.482,0.201
SMD,sens_V2,0.79,0.772,0.819,0.35,0.258,0.545,0.069
SMD,sens_V4,0.79,0.819,0.837,0.379,0.27,0.502,0.085
SMD,sens_pm0.05,0.792,0.824,0.839,0.381,0.274,0.51,0.127
SMD,sens_pm0.3,0.789,0.839,0.848,0.397,0.277,0.48,0.138
SMD,sens_pm0.5,0.781,0.843,0.849,0.405,0.301,0.495,0.142
