tag,auroc,auprc,f1_unsup_tau,f1_best,ds
LSTM_AD,0.538 ± 0.024,0.214 ± 0.015,0.093 ± 0.015,0.323 ± 0.019,MSL
"M-TTA-u (fused, λ=2)",0.656 ± 0.003,0.324 ± 0.004,0.203 ± 0.003,,MSL
M2N2,0.631 ± 0.004,0.213 ± 0.004,0.108 ± 0.009,0.324 ± 0.005,MSL
M2N2_offline,0.613 ± 0.002,0.188 ± 0.002,0.101 ± 0.006,0.3 ± 0.004,MSL
MTAD_GAT,0.615 ± 0.006,0.263 ± 0.002,0.131 ± 0.003,0.377 ± 0.005,MSL
OmniAnomaly,0.622 ± 0.002,0.279 ± 0.001,0.155 ± 0.006,0.394 ± 0.001,MSL
THOC,0.605 ± 0.002,0.237 ± 0.009,0.136 ± 0.015,0.345 ± 0.011,MSL
TranAD,0.626 ± 0.007,0.274 ± 0.005,0.149 ± 0.009,0.372 ± 0.004,MSL
USAD,0.634 ± 0.002,0.284 ± 0.001,0.16 ± 0.007,0.399 ± 0.001,MSL
base_noTTA,0.622 ± 0.004,0.288 ± 0.004,0.199 ± 0.003,0.374 ± 0.004,MSL
fixed,0.63 ± 0.004,0.287 ± 0.004,0.198 ± 0.002,0.372 ± 0.004,MSL
gate_gbuf5k,0.626 ± 0.003,0.289 ± 0.004,0.191 ± 0.002,0.374 ± 0.005,MSL
gate_noTTA,0.629 ± 0.002,0.29 ± 0.004,0.199 ± 0.002,0.374 ± 0.004,MSL
mask_noTTA,0.629 ± 0.002,0.29 ± 0.004,0.199 ± 0.002,0.374 ± 0.004,MSL
noMask_fixed,0.623 ± 0.003,0.286 ± 0.004,0.2 ± 0.004,0.372 ± 0.003,MSL
u only,0.656 ± 0.005,0.282 ± 0.006,,,MSL
